//id~usertype~studentName~StudentEmail~Password(md5)~Grade~Paid
//id~usertype~teacherName~teacherEmail~Password~jobTitle
1~2~kamel~kamel@gmail.com~202cb962ac59075b964b07152d234b70~PHY201
2~2~sa3d~sa3d@gmail.com~202cb962ac59075b964b07152d234b70~AR101
3~2~sas~mwmma5000@gmail.com~202cb962ac59075b964b07152d234b70~MTH101
5~1~zizo~zizo@gmail.com~202cb962ac59075b964b07152d234b70~1~3
6~3~admin~admin@gmail.com~202cb962ac59075b964b07152d234b70
7~1~sambosa~sambosa@gmail.com~202cb962ac59075b964b07152d234b70~2~2
8~2~Hossam~hosso@gmail.com~202cb962ac59075b964b07152d234b70~PHY101
10~1~Nada~nada.khaled22@msa.edu.eg~202cb962ac59075b964b07152d234b70~MTH101
11~1~ahmed~ahmed@gmail.com~202cb962ac59075b964b07152d234b70~MTH101
12~2~hany~hany@gmail.com~202cb962ac59075b964b07152d234b70~PHY201
13~1~ali~ali@gmail.com~202cb962ac59075b964b07152d234b70~MTH101
9~1~Ramy~ramy@gmail.com~202cb962ac59075b964b07152d234b70~MTH101
19~2~nasr~nasr@gmail.com~202cb962ac59075b964b07152d234b70~AR101
18~1~farag~farag@gmail.com~202cb962ac59075b964b07152d234b70~1~3
20~1~hamada~hamada@gmail.com~202cb962ac59075b964b07152d234b70~1~-1
21~1~Samdozer~samdozer@gmail.com~202cb962ac59075b964b07152d234b70~1~-1
25~1~aa~aaa@a.com~202cb962ac59075b964b07152d234b70~1~-1
26~1~zzz~z@z.z~202cb962ac59075b964b07152d234b70~1~-1
4~1~thfn~thfn@gmail.com~202cb962ac59075b964b07152d234b70~1~3
